<?xml version="1.0" encoding="UTF-8"?>

<channel name="xfce4-panel" version="1.0">
  <property name="configver" type="int" value="2"/>
  <property name="panels" type="array">
    <value type="int" value="1"/>
    <property name="panel-1" type="empty">
      <property name="position" type="string" value="p=6;x=0;y=0"/>
      <property name="length" type="uint" value="100"/>
      <property name="position-locked" type="bool" value="true"/>
      <property name="size" type="uint" value="30"/>
      <property name="plugin-ids" type="array">
        <value type="int" value="1"/>
        <value type="int" value="4"/>
        <value type="int" value="3"/>
        <value type="int" value="15"/>
        <value type="int" value="6"/>
        <value type="int" value="16"/>
        <value type="int" value="17"/>
        <value type="int" value="5"/>
        <value type="int" value="2"/>
      </property>
    </property>
  </property>
  <property name="plugins" type="empty">
    <property name="plugin-1" type="string" value="applicationsmenu">
      <property name="button-title" type="string" value="Menu"/>
      <property name="show-button-title" type="bool" value="true"/>
      <property name="show-menu-icons" type="bool" value="true"/>
      <property name="button-icon" type="string" value="xfce-wm-menu"/>
    </property>
    <property name="plugin-2" type="string" value="actions">
      <property name="items" type="array">
        <value type="string" value="+lock-screen"/>
        <value type="string" value="-switch-user"/>
        <value type="string" value="+separator"/>
        <value type="string" value="-suspend"/>
        <value type="string" value="-hibernate"/>
        <value type="string" value="-separator"/>
        <value type="string" value="+shutdown"/>
        <value type="string" value="+restart"/>
        <value type="string" value="+separator"/>
        <value type="string" value="+logout"/>
        <value type="string" value="-logout-dialog"/>
      </property>
    </property>
    <property name="plugin-3" type="string" value="tasklist"/>
    <property name="plugin-15" type="string" value="separator">
      <property name="expand" type="bool" value="true"/>
      <property name="style" type="uint" value="0"/>
    </property>
    <property name="plugin-4" type="string" value="pager">
      <property name="rows" type="uint" value="1"/>
      <property name="miniature-view" type="bool" value="false"/>
    </property>
    <property name="plugin-5" type="string" value="clock"/>
    <property name="plugin-6" type="string" value="systray">
      <property name="names-visible" type="array">
        <value type="string" value="networkmanager applet"/>
      </property>
    </property>
    <property name="plugin-16" type="string" value="xfce4-clipman-plugin"/>
    <property name="plugin-17" type="string" value="pulseaudio">
      <property name="enable-keyboard-shortcuts" type="bool" value="true"/>
    </property>
  </property>
</channel>
